{"localhost:9001": {"localhost:9001": false, "localhost:9002": false, "localhost:9003": false, "localhost:9004": true, "localhost:9005": true, "localhost:9006": false}, "localhost:9002": {"localhost:9001": false, "localhost:9002": false, "localhost:9003": false, "localhost:9004": false, "localhost:9005": false, "localhost:9006": false}, "localhost:9003": {"localhost:9001": false, "localhost:9002": false, "localhost:9003": false, "localhost:9004": false, "localhost:9005": false, "localhost:9006": false}, "localhost:9004": {"localhost:9001": true, "localhost:9002": false, "localhost:9003": false, "localhost:9004": false, "localhost:9005": true, "localhost:9006": false}, "localhost:9005": {"localhost:9001": true, "localhost:9002": false, "localhost:9003": false, "localhost:9004": true, "localhost:9005": false, "localhost:9006": true}, "localhost:9006": {"localhost:9001": false, "localhost:9002": false, "localhost:9003": false, "localhost:9004": false, "localhost:9005": true, "localhost:9006": false}}